{"cameraMode":{"drawMode":0,"name":"Shaded","section":"Shading Mode"},"sceneLighting":false,"audioPlay":false,"sceneViewState":{"showFog":true,"showMaterialUpdate":false,"showSkybox":false,"showFlares":true,"showImageEffects":true,"showParticleSystems":true},"in2DMode":false,"pivot":{"x":0.3635999858379364,"y":1.2548999786376954,"z":0.9768999814987183},"rotation":{"x":0.13001208007335664,"y":-0.8505691289901733,"z":0.24864083528518678,"w":0.4447598159313202},"size":0.157202810049057,"orthographic":true}