{"cameraMode":{"drawMode":0,"name":"Shaded","section":"Shading Mode"},"sceneLighting":false,"audioPlay":false,"sceneViewState":{"showFog":true,"showMaterialUpdate":false,"showSkybox":false,"showFlares":true,"showImageEffects":true,"showParticleSystems":true},"in2DMode":false,"pivot":{"x":0.10862438380718231,"y":1.007744550704956,"z":2.0900256633758547},"rotation":{"x":0.21274003386497498,"y":-0.2418377846479416,"z":0.0544348806142807,"w":0.9451428055763245},"size":0.03464099019765854,"orthographic":false}