{"cameraMode":{"drawMode":0,"name":"Shaded","section":"Shading Mode"},"sceneLighting":false,"audioPlay":false,"sceneViewState":{"showFog":true,"showMaterialUpdate":false,"showSkybox":false,"showFlares":true,"showImageEffects":true,"showParticleSystems":true},"in2DMode":false,"pivot":{"x":0.41600000858306887,"y":0.8389999866485596,"z":-0.777999997138977},"rotation":{"x":0.16651007533073426,"y":0.22557777166366578,"z":-0.039162684231996539,"w":0.9590944647789002},"size":0.19436973333358766,"orthographic":true}