{"cameraMode":{"drawMode":0,"name":"Shaded","section":"Shading Mode"},"sceneLighting":false,"audioPlay":false,"sceneViewState":{"showFog":true,"showMaterialUpdate":false,"showSkybox":false,"showFlares":true,"showImageEffects":true,"showParticleSystems":true},"in2DMode":false,"pivot":{"x":-3.940121650695801,"y":0.547137975692749,"z":1.8629868030548096},"rotation":{"x":-0.38229161500930788,"y":0.14923971891403199,"z":-0.06271500140428543,"w":-0.9097572565078735},"size":1.1102447509765626,"orthographic":false}