{"cameraMode":{"drawMode":0,"name":"Shaded","section":"Shading Mode"},"sceneLighting":false,"audioPlay":false,"sceneViewState":{"showFog":true,"showMaterialUpdate":false,"showSkybox":false,"showFlares":true,"showImageEffects":true,"showParticleSystems":true},"in2DMode":false,"pivot":{"x":0.5099999904632568,"y":1.1109999418258668,"z":2.2269999980926515},"rotation":{"x":-0.14658772945404054,"y":-0.25705665349960329,"z":0.03947540745139122,"w":-0.9544059038162231},"size":0.2839454412460327,"orthographic":false}