{"cameraMode":{"drawMode":0,"name":"Shaded","section":"Shading Mode"},"sceneLighting":false,"audioPlay":false,"sceneViewState":{"showFog":true,"showMaterialUpdate":false,"showSkybox":false,"showFlares":true,"showImageEffects":true,"showParticleSystems":true},"in2DMode":false,"pivot":{"x":-0.06348958611488342,"y":0.8985836505889893,"z":2.1280221939086916},"rotation":{"x":-0.3505879342556,"y":-0.22759443521499635,"z":0.0882444977760315,"w":-0.9041664600372315},"size":2.4277963638305666,"orthographic":false}