{"cameraMode":{"drawMode":0,"name":"Shaded","section":"Shading Mode"},"sceneLighting":false,"audioPlay":false,"sceneViewState":{"showFog":true,"showMaterialUpdate":false,"showSkybox":false,"showFlares":true,"showImageEffects":true,"showParticleSystems":true},"in2DMode":false,"pivot":{"x":0.4580078125,"y":0.7723388671875,"z":-0.33538818359375},"rotation":{"x":0.17404837906360627,"y":-0.7292500734329224,"z":0.2013554722070694,"w":0.6303665041923523},"size":0.20012728869915009,"orthographic":true}