{"cameraMode":{"drawMode":0,"name":"Shaded","section":"Shading Mode"},"sceneLighting":false,"audioPlay":false,"sceneViewState":{"showFog":false,"showMaterialUpdate":false,"showSkybox":true,"showFlares":false,"showImageEffects":false,"showParticleSystems":false},"in2DMode":false,"pivot":{"x":-1.74688720703125,"y":0.8802490234375,"z":0.9942626953125},"rotation":{"x":0.27246859669685366,"y":-0.24757447838783265,"z":0.07277537882328034,"w":0.9269211888313294},"size":0.1790386289358139,"orthographic":true}