{"cameraMode":{"drawMode":0,"name":"Shaded","section":"Shading Mode"},"sceneLighting":true,"audioPlay":false,"sceneViewState":{"showFog":true,"showMaterialUpdate":false,"showSkybox":true,"showFlares":true,"showImageEffects":true,"showParticleSystems":true},"in2DMode":false,"pivot":{"x":-0.13360595703125,"y":1.22900390625,"z":0.32763671875},"rotation":{"x":0.08688397705554962,"y":-0.011954340152442456,"z":0.0010433029383420945,"w":0.9961469769477844},"size":0.5349910855293274,"orthographic":true}