{"cameraMode":{"drawMode":0,"name":"Shaded","section":"Shading Mode"},"sceneLighting":true,"audioPlay":false,"sceneViewState":{"showFog":true,"showMaterialUpdate":false,"showSkybox":true,"showFlares":true,"showImageEffects":true,"showParticleSystems":true},"in2DMode":false,"pivot":{"x":4.405030727386475,"y":4.200264930725098,"z":3.405364990234375},"rotation":{"x":0.05721602216362953,"y":0.45949119329452517,"z":-0.0296783484518528,"w":0.8858415484428406},"size":7.4235758781433109,"orthographic":false}