{"cameraMode":{"drawMode":0,"name":"Shaded","section":"Shading Mode"},"sceneLighting":true,"audioPlay":false,"sceneViewState":{"showFog":true,"showMaterialUpdate":false,"showSkybox":true,"showFlares":true,"showImageEffects":true,"showParticleSystems":true},"in2DMode":false,"pivot":{"x":2.162468910217285,"y":-0.34130382537841799,"z":2.410769462585449},"rotation":{"x":0.3304189443588257,"y":-0.17416363954544068,"z":0.062176719307899478,"w":0.9255401492118836},"size":2.8487257957458498,"orthographic":false}