{"cameraMode":{"drawMode":0,"name":"Shaded","section":"Shading Mode"},"sceneLighting":true,"audioPlay":false,"sceneViewState":{"showFog":true,"showMaterialUpdate":false,"showSkybox":true,"showFlares":true,"showImageEffects":true,"showParticleSystems":true},"in2DMode":false,"pivot":{"x":-1.58441162109375,"y":1.824462890625,"z":-1.568359375},"rotation":{"x":0.271704763174057,"y":0.40332162380218508,"z":-0.12675347924232484,"w":0.8645471930503845},"size":0.651452898979187,"orthographic":true}