{"cameraMode":{"drawMode":0,"name":"Shaded","section":"Shading Mode"},"sceneLighting":true,"audioPlay":false,"sceneViewState":{"showFog":true,"showMaterialUpdate":false,"showSkybox":true,"showFlares":true,"showImageEffects":true,"showParticleSystems":true},"in2DMode":false,"pivot":{"x":0.07232666015625,"y":1.822509765625,"z":-0.02099609375},"rotation":{"x":0.3179483711719513,"y":0.13449354469776154,"z":-0.045616164803504947,"w":0.9374120831489563},"size":0.8235564231872559,"orthographic":true}