{"cameraMode":{"drawMode":0,"name":"Shaded","section":"Shading Mode"},"sceneLighting":true,"audioPlay":false,"sceneViewState":{"showFog":true,"showMaterialUpdate":false,"showSkybox":true,"showFlares":true,"showImageEffects":true,"showParticleSystems":true},"in2DMode":false,"pivot":{"x":2.770199775695801,"y":0.730649471282959,"z":6.610551834106445},"rotation":{"x":0.13020667433738709,"y":0.3195565342903137,"z":-0.04438094422221184,"w":0.9375290274620056},"size":4.731293201446533,"orthographic":false}