{"cameraMode":{"drawMode":0,"name":"Shaded","section":"Shading Mode"},"sceneLighting":false,"audioPlay":false,"sceneViewState":{"showFog":true,"showMaterialUpdate":false,"showSkybox":false,"showFlares":true,"showImageEffects":true,"showParticleSystems":true},"in2DMode":false,"pivot":{"x":0.4580078125,"y":0.7723388671875,"z":-0.33538818359375},"rotation":{"x":0.19082051515579225,"y":-0.25437989830970766,"z":0.051276277750730517,"w":0.9467066526412964},"size":0.20012728869915009,"orthographic":true}