{"cameraMode":{"drawMode":0,"name":"Shaded","section":"Shading Mode"},"sceneLighting":true,"audioPlay":false,"sceneViewState":{"showFog":true,"showMaterialUpdate":false,"showSkybox":true,"showFlares":true,"showImageEffects":true,"showParticleSystems":true},"in2DMode":false,"pivot":{"x":0.20317304134368897,"y":1.2430390119552613,"z":1.5396320819854737},"rotation":{"x":0.22033992409706117,"y":-0.24223527312278748,"z":0.056590527296066287,"w":0.9431709051132202},"size":1.0395705699920655,"orthographic":false}