{"cameraMode":{"drawMode":0,"name":"Shaded","section":"Shading Mode"},"sceneLighting":false,"audioPlay":false,"sceneViewState":{"showFog":true,"showMaterialUpdate":true,"showSkybox":true,"showFlares":true,"showImageEffects":true,"showParticleSystems":true},"in2DMode":false,"pivot":{"x":-2.003000020980835,"y":0.8410899043083191,"z":0.9606000185012817},"rotation":{"x":0.2434336096048355,"y":0.5107470750808716,"z":-0.1534687727689743,"w":0.8101426362991333},"size":0.15755654871463777,"orthographic":true}