{"cameraMode":{"drawMode":0,"name":"Shaded","section":"Shading Mode"},"sceneLighting":true,"audioPlay":false,"sceneViewState":{"showFog":true,"showMaterialUpdate":false,"showSkybox":true,"showFlares":true,"showImageEffects":true,"showParticleSystems":true},"in2DMode":false,"pivot":{"x":-0.1436767578125,"y":1.59442138671875,"z":0.7177276611328125},"rotation":{"x":0.2669045329093933,"y":-0.296002060174942,"z":0.0865280032157898,"w":0.9130491018295288},"size":1.230682134628296,"orthographic":true}