{"cameraMode":{"drawMode":0,"name":"Shaded","section":"Shading Mode"},"sceneLighting":false,"audioPlay":false,"sceneViewState":{"showFog":true,"showMaterialUpdate":false,"showSkybox":false,"showFlares":true,"showImageEffects":true,"showParticleSystems":true},"in2DMode":false,"pivot":{"x":-2.003000020980835,"y":0.8410899043083191,"z":0.9606000185012817},"rotation":{"x":0.3271968960762024,"y":0.053823430091142657,"z":-0.01866919733583927,"w":0.9432394504547119},"size":0.15755654871463777,"orthographic":true}