{"cameraMode":{"drawMode":0,"name":"Shaded","section":"Shading Mode"},"sceneLighting":false,"audioPlay":false,"sceneViewState":{"showFog":true,"showMaterialUpdate":false,"showSkybox":false,"showFlares":true,"showImageEffects":true,"showParticleSystems":true},"in2DMode":false,"pivot":{"x":-2.2990000247955324,"y":0.8399999737739563,"z":1.0408118963241578},"rotation":{"x":0.3865365982055664,"y":-0.18747596442699433,"z":0.08057354390621185,"w":0.8994190096855164},"size":0.12969611585140229,"orthographic":true}