{"cameraMode":{"drawMode":0,"name":"Shaded","section":"Shading Mode"},"sceneLighting":true,"audioPlay":false,"sceneViewState":{"showFog":true,"showMaterialUpdate":false,"showSkybox":true,"showFlares":true,"showImageEffects":true,"showParticleSystems":true},"in2DMode":false,"pivot":{"x":-0.32012939453125,"y":1.52581787109375,"z":1.55224609375},"rotation":{"x":0.17354121804237367,"y":-0.20803429186344148,"z":0.03753364086151123,"w":0.9618718028068543},"size":1.333276629447937,"orthographic":true}