{"cameraMode":{"drawMode":0,"name":"Shaded","section":"Shading Mode"},"sceneLighting":true,"audioPlay":false,"sceneViewState":{"showFog":true,"showMaterialUpdate":false,"showSkybox":true,"showFlares":true,"showImageEffects":true,"showParticleSystems":true},"in2DMode":false,"pivot":{"x":-0.790985107421875,"y":1.6324462890625,"z":0.04693603515625},"rotation":{"x":0.14505739510059358,"y":-0.17415502667427064,"z":0.025946931913495065,"w":0.9736306071281433},"size":2.9986929893493654,"orthographic":true}