{"cameraMode":{"drawMode":0,"name":"Shaded","section":"Shading Mode"},"sceneLighting":true,"audioPlay":false,"sceneViewState":{"showFog":true,"showMaterialUpdate":false,"showSkybox":true,"showFlares":true,"showImageEffects":true,"showParticleSystems":true},"in2DMode":false,"pivot":{"x":-1.4589223861694337,"y":3.32948637008667,"z":-0.8870038986206055},"rotation":{"x":0.10472752153873444,"y":0.03877509385347366,"z":-0.004086629953235388,"w":0.9937368631362915},"size":4.927681922912598,"orthographic":true}