{"cameraMode":{"drawMode":0,"name":"Shaded","section":"Shading Mode"},"sceneLighting":true,"audioPlay":false,"sceneViewState":{"showFog":true,"showMaterialUpdate":false,"showSkybox":true,"showFlares":true,"showImageEffects":true,"showParticleSystems":true},"in2DMode":false,"pivot":{"x":-0.4595874547958374,"y":1.6893563270568848,"z":0.25832903385162356},"rotation":{"x":0.25159910321235659,"y":0.021774372085928918,"z":-0.005660948809236288,"w":0.9675709009170532},"size":1.7201459407806397,"orthographic":true}