{"cameraMode":{"drawMode":0,"name":"Shaded","section":"Shading Mode"},"sceneLighting":true,"audioPlay":false,"sceneViewState":{"showFog":true,"showMaterialUpdate":false,"showSkybox":true,"showFlares":true,"showImageEffects":true,"showParticleSystems":true},"in2DMode":false,"pivot":{"x":0.48548412322998049,"y":2.4187629222869875,"z":1.9865224361419678},"rotation":{"x":0.18492920696735383,"y":0.0014744793297722936,"z":-0.00027719244826585054,"w":0.9827508330345154},"size":4.311834812164307,"orthographic":true}