{"cameraMode":{"drawMode":0,"name":"Shaded","section":"Shading Mode"},"sceneLighting":true,"audioPlay":false,"sceneViewState":{"showFog":true,"showMaterialUpdate":false,"showSkybox":true,"showFlares":true,"showImageEffects":true,"showParticleSystems":true},"in2DMode":false,"pivot":{"x":0.32993003726005556,"y":0.8511927723884583,"z":0.9719615578651428},"rotation":{"x":0.2513849139213562,"y":0.11293215304613114,"z":-0.029546545818448068,"w":0.9608240723609924},"size":0.19883638620376588,"orthographic":false}