{"cameraMode":{"drawMode":0,"name":"Shaded","section":"Shading Mode"},"sceneLighting":true,"audioPlay":false,"sceneViewState":{"showFog":true,"showMaterialUpdate":false,"showSkybox":true,"showFlares":true,"showImageEffects":true,"showParticleSystems":true},"in2DMode":false,"pivot":{"x":0.9661865234375,"y":1.4108428955078126,"z":0.3687744140625},"rotation":{"x":0.5005910992622376,"y":-0.18280059099197389,"z":0.10905452817678452,"w":0.8391066789627075},"size":0.4096131920814514,"orthographic":true}