{"cameraMode":{"drawMode":0,"name":"Shaded","section":"Shading Mode"},"sceneLighting":true,"audioPlay":false,"sceneViewState":{"showFog":true,"showMaterialUpdate":false,"showSkybox":true,"showFlares":true,"showImageEffects":true,"showParticleSystems":true},"in2DMode":false,"pivot":{"x":-1.0702497959136963,"y":1.2001278400421143,"z":1.090347409248352},"rotation":{"x":0.2172272503376007,"y":0.015228656120598317,"z":-0.0033893838990479709,"w":0.9759963750839233},"size":1.2910370826721192,"orthographic":true}