{"cameraMode":{"drawMode":0,"name":"Shaded","section":"Shading Mode"},"sceneLighting":true,"audioPlay":false,"sceneViewState":{"showFog":true,"showMaterialUpdate":false,"showSkybox":true,"showFlares":true,"showImageEffects":true,"showParticleSystems":true},"in2DMode":false,"pivot":{"x":-0.50128173828125,"y":0.5950927734375,"z":-0.37548828125},"rotation":{"x":-0.1459425538778305,"y":-0.23701027035713197,"z":0.03603694960474968,"w":-0.9598066806793213},"size":3.2590208053588869,"orthographic":true}