{"cameraMode":{"drawMode":0,"name":"Shaded","section":"Shading Mode"},"sceneLighting":true,"audioPlay":false,"sceneViewState":{"showFog":true,"showMaterialUpdate":false,"showSkybox":true,"showFlares":true,"showImageEffects":true,"showParticleSystems":true},"in2DMode":false,"pivot":{"x":-0.50128173828125,"y":0.5950927734375,"z":-0.37548828125},"rotation":{"x":-0.10420823097229004,"y":-0.0005889186868444085,"z":0.00006026496703270823,"w":-0.9945560097694397},"size":4.086158752441406,"orthographic":true}