{"cameraMode":{"drawMode":0,"name":"Shaded","section":"Shading Mode"},"sceneLighting":true,"audioPlay":false,"sceneViewState":{"showFog":true,"showMaterialUpdate":false,"showSkybox":true,"showFlares":true,"showImageEffects":true,"showParticleSystems":true},"in2DMode":false,"pivot":{"x":0.3408203125,"y":1.9061279296875,"z":0.1783447265625},"rotation":{"x":-0.07764661312103272,"y":0.4147118926048279,"z":-0.03554563224315643,"w":-0.905938446521759},"size":2.627549409866333,"orthographic":true}