{"cameraMode":{"drawMode":0,"name":"Shaded","section":"Shading Mode"},"sceneLighting":true,"audioPlay":false,"sceneViewState":{"showFog":true,"showMaterialUpdate":false,"showSkybox":true,"showFlares":true,"showImageEffects":true,"showParticleSystems":true},"in2DMode":false,"pivot":{"x":0.45531535148620608,"y":1.3889753818511963,"z":0.6627116203308106},"rotation":{"x":-0.19159743189811707,"y":-0.0835118442773819,"z":0.01636439561843872,"w":-0.9777781963348389},"size":1.0740556716918946,"orthographic":true}