{"cameraMode":{"drawMode":0,"name":"Shaded","section":"Shading Mode"},"sceneLighting":false,"audioPlay":false,"sceneViewState":{"showFog":true,"showMaterialUpdate":false,"showSkybox":false,"showFlares":true,"showImageEffects":true,"showParticleSystems":true},"in2DMode":false,"pivot":{"x":0.3635999858379364,"y":1.2548999786376954,"z":0.9768999814987183},"rotation":{"x":0.3271968960762024,"y":0.053823430091142657,"z":-0.01866919733583927,"w":0.9432394504547119},"size":0.157202810049057,"orthographic":true}