{"cameraMode":{"drawMode":0,"name":"Shaded","section":"Shading Mode"},"sceneLighting":true,"audioPlay":false,"sceneViewState":{"showFog":true,"showMaterialUpdate":false,"showSkybox":true,"showFlares":true,"showImageEffects":true,"showParticleSystems":true},"in2DMode":false,"pivot":{"x":0.124176025390625,"y":1.55157470703125,"z":0.567138671875},"rotation":{"x":-0.1374153196811676,"y":0.2499728947877884,"z":-0.035864319652318957,"w":-0.9577815532684326},"size":0.7885026931762695,"orthographic":true}