{"cameraMode":{"drawMode":0,"name":"Shaded","section":"Shading Mode"},"sceneLighting":true,"audioPlay":false,"sceneViewState":{"showFog":true,"showMaterialUpdate":false,"showSkybox":true,"showFlares":true,"showImageEffects":true,"showParticleSystems":true},"in2DMode":false,"pivot":{"x":0.31908130645751955,"y":1.4212028980255128,"z":0.16386818885803224},"rotation":{"x":0.16221922636032105,"y":0.0813077911734581,"z":-0.013413051143288613,"w":0.983308732509613},"size":4.110874176025391,"orthographic":true}