{"cameraMode":{"drawMode":0,"name":"Shaded","section":"Shading Mode"},"sceneLighting":true,"audioPlay":false,"sceneViewState":{"showFog":true,"showMaterialUpdate":false,"showSkybox":true,"showFlares":true,"showImageEffects":true,"showParticleSystems":true},"in2DMode":false,"pivot":{"x":-0.004999972879886627,"y":1.25,"z":1.4919999837875367},"rotation":{"x":0.24980783462524415,"y":-0.23391041159629823,"z":0.062324922531843188,"w":0.9375485777854919},"size":1.4573252201080323,"orthographic":false}