{"cameraMode":{"drawMode":0,"name":"Shaded","section":"Shading Mode"},"sceneLighting":true,"audioPlay":false,"sceneViewState":{"showFog":true,"showMaterialUpdate":false,"showSkybox":true,"showFlares":true,"showImageEffects":true,"showParticleSystems":true},"in2DMode":false,"pivot":{"x":-0.13360595703125,"y":1.22900390625,"z":0.32763671875},"rotation":{"x":0.19861184060573579,"y":-0.09977322816848755,"z":0.020329678431153299,"w":0.9747757315635681},"size":0.9328235983848572,"orthographic":true}