{"cameraMode":{"drawMode":0,"name":"Shaded","section":"Shading Mode"},"sceneLighting":true,"audioPlay":false,"sceneViewState":{"showFog":true,"showMaterialUpdate":false,"showSkybox":true,"showFlares":true,"showImageEffects":true,"showParticleSystems":true},"in2DMode":false,"pivot":{"x":1.0333516597747803,"y":1.87709641456604,"z":2.6954102516174318},"rotation":{"x":-0.016539515927433969,"y":0.2536620497703552,"z":0.004346675239503384,"w":0.967153787612915},"size":2.0833003520965578,"orthographic":false}