{"cameraMode":{"drawMode":0,"name":"Shaded","section":"Shading Mode"},"sceneLighting":true,"audioPlay":false,"sceneViewState":{"showFog":true,"showMaterialUpdate":false,"showSkybox":true,"showFlares":true,"showImageEffects":true,"showParticleSystems":true},"in2DMode":false,"pivot":{"x":0.01898670196533203,"y":0.8965392112731934,"z":1.2482399940490723},"rotation":{"x":0.347974956035614,"y":-0.08644895255565644,"z":0.032244112342596057,"w":0.9329532980918884},"size":0.9292683005332947,"orthographic":false}