{"cameraMode":{"drawMode":0,"name":"Shaded","section":"Shading Mode"},"sceneLighting":false,"audioPlay":false,"sceneViewState":{"showFog":true,"showMaterialUpdate":false,"showSkybox":false,"showFlares":true,"showImageEffects":true,"showParticleSystems":true},"in2DMode":false,"pivot":{"x":-1.7431640625,"y":0.90087890625,"z":1.004638671875},"rotation":{"x":0.344232439994812,"y":-0.25047191977500918,"z":0.09582855552434921,"w":0.8997729420661926},"size":0.1817651093006134,"orthographic":true}