{"cameraMode":{"drawMode":0,"name":"Shaded","section":"Shading Mode"},"sceneLighting":true,"audioPlay":false,"sceneViewState":{"showFog":true,"showMaterialUpdate":false,"showSkybox":true,"showFlares":true,"showImageEffects":true,"showParticleSystems":true},"in2DMode":false,"pivot":{"x":-0.0201416015625,"y":0.8787307739257813,"z":1.249114990234375},"rotation":{"x":0.2134200781583786,"y":-0.39304253458976748,"z":0.09431146830320358,"w":0.8894259929656982},"size":0.8309469223022461,"orthographic":true}