{"cameraMode":{"drawMode":0,"name":"Shaded","section":"Shading Mode"},"sceneLighting":true,"audioPlay":false,"sceneViewState":{"showFog":true,"showMaterialUpdate":false,"showSkybox":true,"showFlares":true,"showImageEffects":true,"showParticleSystems":true},"in2DMode":false,"pivot":{"x":0.494873046875,"y":2.011199951171875,"z":0.6292724609375},"rotation":{"x":-0.0986228808760643,"y":0.1828201711177826,"z":-0.0184354055672884,"w":-0.9780153632164002},"size":1.0107020139694214,"orthographic":true}