{"cameraMode":{"drawMode":0,"name":"Shaded","section":"Shading Mode"},"sceneLighting":true,"audioPlay":false,"sceneViewState":{"showFog":true,"showMaterialUpdate":false,"showSkybox":true,"showFlares":true,"showImageEffects":true,"showParticleSystems":true},"in2DMode":false,"pivot":{"x":0.6910626888275147,"y":1.0969609022140504,"z":0.6222844123840332},"rotation":{"x":0.32331058382987978,"y":0.18515191972255708,"z":-0.06466291844844818,"w":0.9257471561431885},"size":0.7647697925567627,"orthographic":true}