{"cameraMode":{"drawMode":0,"name":"Shaded","section":"Shading Mode"},"sceneLighting":true,"audioPlay":false,"sceneViewState":{"showFog":true,"showMaterialUpdate":false,"showSkybox":true,"showFlares":true,"showImageEffects":true,"showParticleSystems":true},"in2DMode":false,"pivot":{"x":0.05316162109375,"y":1.96551513671875,"z":0.458984375},"rotation":{"x":0.14505739510059358,"y":-0.17415502667427064,"z":0.025946931913495065,"w":0.9736306071281433},"size":1.3580678701400757,"orthographic":true}