{"cameraMode":{"drawMode":0,"name":"Shaded","section":"Shading Mode"},"sceneLighting":false,"audioPlay":false,"sceneViewState":{"showFog":true,"showMaterialUpdate":false,"showSkybox":false,"showFlares":true,"showImageEffects":true,"showParticleSystems":true},"in2DMode":false,"pivot":{"x":2.9326488971710207,"y":1.0897916555404664,"z":-2.567154884338379},"rotation":{"x":0.022443663328886033,"y":-0.6631349325180054,"z":0.019899984821677209,"w":0.7478988766670227},"size":0.7662009596824646,"orthographic":false}