{"cameraMode":{"drawMode":0,"name":"Shaded","section":"Shading Mode"},"sceneLighting":false,"audioPlay":false,"sceneViewState":{"showFog":true,"showMaterialUpdate":false,"showSkybox":false,"showFlares":true,"showImageEffects":true,"showParticleSystems":true},"in2DMode":false,"pivot":{"x":-5.914999961853027,"y":0.6359999179840088,"z":1.3736240863800049},"rotation":{"x":0.396291583776474,"y":-0.13014067709445954,"z":0.05685662478208542,"w":0.9070752859115601},"size":0.2736719250679016,"orthographic":false}