{"cameraMode":{"drawMode":0,"name":"Shaded","section":"Shading Mode"},"sceneLighting":true,"audioPlay":false,"sceneViewState":{"showFog":true,"showMaterialUpdate":false,"showSkybox":true,"showFlares":true,"showImageEffects":true,"showParticleSystems":true},"in2DMode":false,"pivot":{"x":0.31908130645751955,"y":1.4212028980255128,"z":0.16386818885803224},"rotation":{"x":0.20108669996261598,"y":0.017631754279136659,"z":-0.0036186573561280967,"w":0.9794090986251831},"size":4.110874176025391,"orthographic":true}