{"cameraMode":{"drawMode":0,"name":"Shaded","section":"Shading Mode"},"sceneLighting":false,"audioPlay":false,"sceneViewState":{"showFog":true,"showMaterialUpdate":false,"showSkybox":false,"showFlares":true,"showImageEffects":true,"showParticleSystems":true},"in2DMode":false,"pivot":{"x":-4.234447479248047,"y":0.7360000014305115,"z":1.240812063217163},"rotation":{"x":-0.38229161500930788,"y":0.14923971891403199,"z":-0.06271500140428543,"w":-0.9097572565078735},"size":0.5001273155212402,"orthographic":false}