{"cameraMode":{"drawMode":0,"name":"Shaded","section":"Shading Mode"},"sceneLighting":false,"audioPlay":false,"sceneViewState":{"showFog":true,"showMaterialUpdate":false,"showSkybox":false,"showFlares":true,"showImageEffects":true,"showParticleSystems":true},"in2DMode":false,"pivot":{"x":-6.006822109222412,"y":0.6702805161476135,"z":1.8215041160583497},"rotation":{"x":0.4225761294364929,"y":-0.062454961240291598,"z":0.02920384891331196,"w":0.9037023186683655},"size":0.5001273155212402,"orthographic":false}