{"cameraMode":{"drawMode":0,"name":"Shaded","section":"Shading Mode"},"sceneLighting":false,"audioPlay":false,"sceneViewState":{"showFog":true,"showMaterialUpdate":false,"showSkybox":false,"showFlares":true,"showImageEffects":true,"showParticleSystems":true},"in2DMode":false,"pivot":{"x":-0.34040001034736636,"y":1.2640000581741334,"z":0.9678999185562134},"rotation":{"x":0.21386833488941194,"y":-0.1919720321893692,"z":0.04290907829999924,"w":0.9568526744842529},"size":0.1207522451877594,"orthographic":true}