{"cameraMode":{"drawMode":0,"name":"Shaded","section":"Shading Mode"},"sceneLighting":true,"audioPlay":false,"sceneViewState":{"showFog":true,"showMaterialUpdate":false,"showSkybox":true,"showFlares":true,"showImageEffects":true,"showParticleSystems":true},"in2DMode":false,"pivot":{"x":-0.1697104275226593,"y":1.7505462169647217,"z":0.9689780473709106},"rotation":{"x":0.5591809749603272,"y":-0.001243568491190672,"z":0.0008387721609324217,"w":0.82904452085495},"size":0.27429717779159548,"orthographic":true}