{"cameraMode":{"drawMode":0,"name":"Shaded","section":"Shading Mode"},"sceneLighting":false,"audioPlay":false,"sceneViewState":{"showFog":true,"showMaterialUpdate":false,"showSkybox":false,"showFlares":true,"showImageEffects":true,"showParticleSystems":true},"in2DMode":false,"pivot":{"x":-0.6729999780654907,"y":0.8389999866485596,"z":0.8809999823570252},"rotation":{"x":0.3865365982055664,"y":-0.18747596442699433,"z":0.08057354390621185,"w":0.8994190096855164},"size":0.23208118975162507,"orthographic":true}