{"cameraMode":{"drawMode":0,"name":"Shaded","section":"Shading Mode"},"sceneLighting":true,"audioPlay":false,"sceneViewState":{"showFog":true,"showMaterialUpdate":false,"showSkybox":true,"showFlares":true,"showImageEffects":true,"showParticleSystems":true},"in2DMode":false,"pivot":{"x":0.3180505037307739,"y":0.750609815120697,"z":1.542109727859497},"rotation":{"x":0.20866094529628755,"y":-0.22305847704410554,"z":0.048944294452667239,"w":0.9509522914886475},"size":13.703302383422852,"orthographic":false}