{"cameraMode":{"drawMode":0,"name":"Shaded","section":"Shading Mode"},"sceneLighting":true,"audioPlay":false,"sceneViewState":{"showFog":true,"showMaterialUpdate":false,"showSkybox":true,"showFlares":true,"showImageEffects":true,"showParticleSystems":true},"in2DMode":false,"pivot":{"x":-0.2347162961959839,"y":1.1027960777282715,"z":0.787161111831665},"rotation":{"x":0.25510895252227785,"y":0.016821667551994325,"z":-0.004438275005668402,"w":0.966757595539093},"size":0.6557532548904419,"orthographic":false}