{"cameraMode":{"drawMode":0,"name":"Shaded","section":"Shading Mode"},"sceneLighting":true,"audioPlay":false,"sceneViewState":{"showFog":true,"showMaterialUpdate":false,"showSkybox":true,"showFlares":true,"showImageEffects":true,"showParticleSystems":true},"in2DMode":false,"pivot":{"x":-0.0201416015625,"y":0.8787307739257813,"z":1.249114990234375},"rotation":{"x":0.22680827975273133,"y":-0.3664530813694,"z":0.09259569644927979,"w":0.89760822057724},"size":0.7607635855674744,"orthographic":true}