{"cameraMode":{"drawMode":0,"name":"Shaded","section":"Shading Mode"},"sceneLighting":false,"audioPlay":false,"sceneViewState":{"showFog":true,"showMaterialUpdate":false,"showSkybox":false,"showFlares":true,"showImageEffects":true,"showParticleSystems":true},"in2DMode":false,"pivot":{"x":-2.003000020980835,"y":0.8410899043083191,"z":0.9606000185012817},"rotation":{"x":0.27159640192985537,"y":0.4865095615386963,"z":-0.1622483879327774,"w":0.8143860101699829},"size":0.15755654871463777,"orthographic":true}