{"cameraMode":{"drawMode":0,"name":"Shaded","section":"Shading Mode"},"sceneLighting":true,"audioPlay":false,"sceneViewState":{"showFog":true,"showMaterialUpdate":false,"showSkybox":true,"showFlares":true,"showImageEffects":true,"showParticleSystems":true},"in2DMode":false,"pivot":{"x":0.021491050720214845,"y":0.6923668384552002,"z":1.5371124744415284},"rotation":{"x":0.3476901650428772,"y":-0.25542330741882326,"z":0.09903945028781891,"w":0.8966950178146362},"size":0.7098498940467835,"orthographic":false}