{"cameraMode":{"drawMode":0,"name":"Shaded","section":"Shading Mode"},"sceneLighting":true,"audioPlay":false,"sceneViewState":{"showFog":true,"showMaterialUpdate":false,"showSkybox":true,"showFlares":true,"showImageEffects":true,"showParticleSystems":true},"in2DMode":false,"pivot":{"x":-0.10845947265625,"y":1.7021484375,"z":-0.13818359375},"rotation":{"x":0.15668709576129914,"y":0.25463229417800906,"z":-0.041849154978990558,"w":0.9533454179763794},"size":1.7010903358459473,"orthographic":true}