{"cameraMode":{"drawMode":0,"name":"Shaded","section":"Shading Mode"},"sceneLighting":true,"audioPlay":false,"sceneViewState":{"showFog":true,"showMaterialUpdate":false,"showSkybox":true,"showFlares":true,"showImageEffects":true,"showParticleSystems":true},"in2DMode":false,"pivot":{"x":-0.50128173828125,"y":0.5950927734375,"z":-0.37548828125},"rotation":{"x":-0.26626405119895937,"y":-0.3289172053337097,"z":0.09722033143043518,"w":-0.9008143544197083},"size":3.7954812049865724,"orthographic":true}