{"cameraMode":{"drawMode":0,"name":"Shaded","section":"Shading Mode"},"sceneLighting":false,"audioPlay":false,"sceneViewState":{"showFog":true,"showMaterialUpdate":false,"showSkybox":false,"showFlares":true,"showImageEffects":true,"showParticleSystems":true},"in2DMode":false,"pivot":{"x":-2.8784666061401369,"y":0.6980000734329224,"z":1.952193260192871},"rotation":{"x":-0.38229161500930788,"y":0.14923971891403199,"z":-0.06271500140428543,"w":-0.9097572565078735},"size":0.43771231174468996,"orthographic":false}