{"cameraMode":{"drawMode":0,"name":"Shaded","section":"Shading Mode"},"sceneLighting":false,"audioPlay":false,"sceneViewState":{"showFog":true,"showMaterialUpdate":false,"showSkybox":false,"showFlares":true,"showImageEffects":true,"showParticleSystems":true},"in2DMode":false,"pivot":{"x":0.5,"y":1.2538100481033326,"z":1.0408118963241578},"rotation":{"x":0.3264898359775543,"y":-0.542866587638855,"z":0.24106205999851228,"w":0.7352480292320252},"size":0.12062244117259979,"orthographic":true}