{"cameraMode":{"drawMode":0,"name":"Shaded","section":"Shading Mode"},"sceneLighting":true,"audioPlay":false,"sceneViewState":{"showFog":true,"showMaterialUpdate":false,"showSkybox":true,"showFlares":true,"showImageEffects":true,"showParticleSystems":true},"in2DMode":false,"pivot":{"x":-0.4225730895996094,"y":0.9646279811859131,"z":0.8697755932807922},"rotation":{"x":0.36893230676651,"y":-0.1405671238899231,"z":0.05655204877257347,"w":0.9170252680778503},"size":1.4734671115875245,"orthographic":false}