{"cameraMode":{"drawMode":0,"name":"Shaded","section":"Shading Mode"},"sceneLighting":true,"audioPlay":false,"sceneViewState":{"showFog":true,"showMaterialUpdate":false,"showSkybox":true,"showFlares":true,"showImageEffects":true,"showParticleSystems":true},"in2DMode":false,"pivot":{"x":-1.2349567413330079,"y":0.7031958103179932,"z":7.602707862854004},"rotation":{"x":0.08313805609941483,"y":-0.13411583006381989,"z":0.011292212642729283,"w":0.9874100089073181},"size":5.386499404907227,"orthographic":false}